37124bd007ccbc91bf454f74b44bea18308f6ba7	(no direct path via history)
5ec2ed2fd7297d66d7d8ebfcfd0d45f7be97385e	(no direct path via history)
6798ce35bca5b8a16b655c6b4917500f72426bf1	(no direct path via history)
7458a56da70f299888aa15dc949dc27db4a1ed1f	(no direct path via history)
744e2d8f5354e519a3353d0298165ce359d5966c	(no direct path via history)
7b0240f80e1444b71a132d5bb505a324a4d821f9	(no direct path via history)
82f88fd9852a13454479a5361268e06e70b8b39f	(no direct path via history)
88ea462e75f3f1e22529b86f8837ec4e4334927e	(no direct path via history)
8a6ae423f1108c3b8f4fe96ebaebfc9f4c855143	(no direct path via history)
905e62fdf2e59d424f85b9b6ea86919e153ee096	(no direct path via history)
97606b2eb6747860cda4d4818ae4fb7cdbb80ec9	(no direct path via history)
a4f6e159fcaf52ec4f71c6531698fb49865ed712	(no direct path via history)
b33cc5f5f50e51fc8d7a2de01bb6200b21c085d1	(no direct path via history)
b3866b69ee1705a2a5b87c7a8c10a11f5df2b179	(no direct path via history)
b4e02430dd6446961eafd0edb88c5d11aedd4d37	(no direct path via history)
d8ee64b0e14674ec55682dfedc8476d293a0c766	(no direct path via history)
da9e85fed1fd3c70c943a5dc329ab731b7ddabca	(no direct path via history)
e03684e1ebab46a01dbe512bb20e82ef666b999e	(no direct path via history)
e812fd8896ad7626962aca0cb11fd3949f65bfe6	(no direct path via history)
ee1e505760c74328d81c2e508836cd6d421769a6	(no direct path via history)
0fffa6ca2384d859778f79ed3becf6ce329a92d6	(no direct path via history)
1b17d58d89eeaee6d6e2bb598f40cf66bb2b1618	(no direct path via history)
356f428759b3ac9a06071ec8495608de476b3394	(no direct path via history)
3c990000d2cf231f25f39b0dad8cdcf6c5bedfc6	(no direct path via history)
46b7255074da41ccf41a4e00644082cc03a470ae	(no direct path via history)
4fdf30d65f1d90b06e77b84de9b5632d1290b50a	(no direct path via history)
5ff505a9e87147788d0ecc17b6ea01442158ce49	(no direct path via history)
663dfa5ce544d916aa720ca39d1195bb373a4e30	(no direct path via history)
bb5fbf13d80169fcf88b0c0e5680f0a3107d8b7b	(no direct path via history)
c1ebbdb0bf32e49db5878bb1f82fb925008ace1c	(no direct path via history)
c6bfcd3a2f95168dc2dd3e9e7029d3cfac5791a7	(no direct path via history)
